1,charter studio,12.12.1978
2,power studio,20.1.1998
3,already studio,16.10.1987
4,italian studio,8.7.1994
5,administrative studio,11.5.1960
6,likely studio,19.7.1984
7,fonts studio,6.3.1978
8,pulse studio,20.1.1962
9,alex studio,10.3.1996
10,samsung studio,14.11.1964
11,recipient studio,3.4.1965
12,returned studio,16.7.1978
13,hardcover studio,1.6.1982
14,procedures studio,3.4.2004
15,can studio,25.9.2004
16,billion studio,11.4.1987
17,grew studio,12.1.1984
18,apr studio,25.5.1976
19,unix studio,2.1.2004
20,hour studio,13.3.1961
21,visa studio,23.9.2001
22,doctors studio,10.12.1966
23,philippines studio,20.11.1972
24,scan studio,7.3.1981
25,determined studio,16.2.1989
26,disabilities studio,5.10.2010
27,reliable studio,12.3.1983
28,semi studio,1.9.1977
29,pioneer studio,17.12.1965
30,commons studio,14.3.2006
31,procurement studio,3.1.1962
32,consumer studio,28.4.1981
33,driver studio,20.11.1997
34,do studio,9.5.1961
35,postposted studio,3.8.1990
36,greater studio,13.12.1973
37,moon studio,25.7.1992
38,duke studio,3.4.1974
39,chip studio,21.10.1987
40,decisions studio,3.7.1983
41,digest studio,18.9.1971
42,davis studio,26.11.1985
43,contracts studio,4.2.1982
44,head studio,16.7.2002
45,cuba studio,23.4.1970
46,rom studio,2.10.1960
47,si studio,9.2.1989
48,chase studio,12.4.1964
49,eg studio,12.11.1969
50,ref studio,17.12.1983
51,mins studio,27.2.1963
52,improve studio,21.6.1994
53,advisor studio,28.5.2010
54,proud studio,20.12.1962
55,amendments studio,8.8.2003
56,fort studio,6.10.1987
57,restore studio,16.7.1979
58,injuries studio,3.11.1989
59,folder studio,5.4.2000
60,walker studio,7.11.2010
61,addresses studio,19.11.1963
62,princess studio,10.3.1997
63,jeff studio,8.2.1994
64,billion studio,28.11.2010
65,easy studio,3.4.2000
66,words studio,8.6.1998
67,hair studio,26.3.1997
68,kb studio,26.12.1999
69,arabia studio,23.6.1990
70,act studio,23.9.1971
71,cloud studio,25.11.1977
72,patch studio,2.8.1968
73,guests studio,25.5.1960
74,clean studio,15.3.2004
75,chemical studio,20.1.1962
76,making studio,4.11.2004
77,wisdom studio,16.8.2002
78,role studio,5.12.1977
79,purchased studio,13.4.1989
80,difficult studio,28.1.1960
81,week studio,1.7.1997
82,quiz studio,1.3.1961
83,awareness studio,17.9.1999
84,entered studio,27.4.1960
85,exhibit studio,16.7.2008
86,loaded studio,27.6.1998
87,factor studio,1.12.1980
88,carolina studio,16.9.1968
89,radar studio,25.11.2002
90,vary studio,22.2.1979
91,olympic studio,12.8.2008
92,contests studio,13.6.2009
93,yoga studio,18.7.1961
94,designs studio,25.3.1973
95,shirts studio,5.12.1999
96,candidate studio,9.10.1977
97,life studio,3.12.2002
98,meat studio,4.11.1981
99,try studio,22.6.1994
100,protocols studio,3.4.1981
101,become studio,25.12.1962
102,liberty studio,26.8.1979
103,blind studio,14.9.1965
104,mall studio,19.1.1975
105,roof studio,1.9.1980
106,empty studio,18.2.2008
107,masters studio,28.9.1983
108,warren studio,8.3.1985
109,science studio,9.3.1975
110,skip studio,17.5.1977
111,tm studio,11.7.1975
112,odds studio,1.2.2008
113,maybe studio,7.12.1998
114,sf studio,13.10.1964
115,eating studio,1.8.1989
116,hook studio,16.1.1967
117,adjusted studio,21.5.1967
118,blogging studio,21.5.1975
119,plate studio,3.10.1987
120,right studio,27.9.1997
121,familiar studio,23.5.2000
122,ethernet studio,4.10.1986
123,florist studio,7.1.1973
124,tip studio,7.7.1979
125,links studio,16.2.1964
126,conduct studio,23.8.1994
127,von studio,21.11.1978
128,same studio,11.2.1978
129,language studio,7.9.1973
130,ll studio,24.9.1975
131,collectables studio,28.5.2000
132,ridge studio,17.11.1967
133,directories studio,15.7.1989
134,ebony studio,13.9.1960
135,profit studio,22.1.1987
136,honest studio,24.1.1995
137,affect studio,3.9.2008
138,components studio,15.12.1990
139,including studio,1.11.1988
140,jim studio,7.11.2000
141,discussion studio,14.12.1970
142,mini studio,10.1.1983
143,consider studio,24.12.1965
144,referral studio,5.3.1976
145,boundary studio,6.3.1960
146,businesses studio,9.11.1985
147,feedback studio,22.4.1995
148,building studio,17.3.1960
149,math studio,3.11.1972
150,equal studio,1.4.1967
151,dogs studio,13.11.2004
152,workplace studio,28.4.1990
153,wash studio,12.8.1987
154,kate studio,26.10.1995
155,jr studio,2.9.2002
156,essential studio,4.1.1991
157,certain studio,28.10.1974
158,october studio,10.12.1996
159,may studio,21.3.2001
160,variation studio,27.7.1984
161,require studio,25.6.1969
162,sets studio,6.10.1969
163,parties studio,15.4.1965
164,tales studio,22.1.1990
165,ace studio,26.8.2005
166,moves studio,11.2.1961
167,array studio,25.11.1981
168,download studio,18.8.1990
169,runs studio,16.6.1984
170,proud studio,15.6.2010
171,le studio,7.1.1984
172,johnson studio,17.12.1993
173,deliver studio,22.7.1991
174,back studio,4.11.2008
175,rm studio,23.11.1971
176,bus studio,5.2.1974
177,aircraft studio,18.7.1995
178,codes studio,6.1.1989
179,rick studio,12.8.2002
180,stood studio,11.6.2000
181,direct studio,10.8.2003
182,herself studio,23.8.1990
183,bids studio,23.2.1993
184,exposed studio,24.2.1972
185,exposure studio,17.6.2010
186,hand studio,20.12.2006
187,referred studio,22.9.1966
188,casual studio,13.7.1979
189,artist studio,8.12.1971
190,memory studio,11.1.1962
191,signs studio,9.3.1984
192,injury studio,13.4.1969
193,where studio,9.7.1985
194,go studio,24.8.1990
195,forever studio,27.7.2004
196,keywords studio,16.6.1966
197,presentation studio,15.1.1978
198,transition studio,6.8.1988
199,medicine studio,13.10.2009
200,survey studio,16.9.1999
201,spray studio,11.5.1990
202,crown studio,5.4.1988
203,threat studio,10.12.1997
204,think studio,14.8.1980
205,america studio,1.8.2001
206,johnny studio,14.8.2000
207,improving studio,18.12.1975
208,people studio,15.7.1973
209,cricket studio,7.10.1960
210,outcomes studio,4.10.1965
211,consent studio,11.9.1975
212,commonwealth studio,2.9.2002
213,shape studio,6.5.1978
214,blood studio,12.12.1996
215,latex studio,22.9.2000
216,netscape studio,20.7.1990
217,conservative studio,20.8.1974
218,last studio,28.12.1991
219,struggle studio,27.8.2005
220,name studio,27.1.1979
221,science studio,23.2.1961
222,afghanistan studio,8.2.1963
223,engineers studio,14.10.2009
224,social studio,5.5.1989
225,struct studio,3.4.2000
226,peru studio,11.6.1985
227,insight studio,7.7.1968
228,pottery studio,25.8.1977
229,measurement studio,6.4.1966
230,jews studio,22.12.2010
231,mountain studio,2.12.2004
232,consumer studio,27.4.2009
233,hope studio,19.4.1994
234,appropriate studio,10.3.1969
235,vermont studio,3.1.2003
236,passed studio,17.8.1986
237,keyword studio,15.9.1965
238,lawyers studio,11.1.1973
239,assumed studio,25.7.1997
240,allocation studio,12.6.1972
241,murder studio,9.7.2010
242,episode studio,13.8.1964
243,transactions studio,6.10.1960
244,lee studio,19.3.1993
245,american studio,27.1.2003
246,oxygen studio,8.11.1968
247,bio studio,22.5.1961
248,castle studio,3.9.1967
249,invited studio,5.3.1985
250,animals studio,23.8.1979
251,scale studio,4.10.2003
252,hotel studio,13.9.1979
253,latex studio,24.1.1995
254,listings studio,25.8.2004
255,belief studio,5.3.2003
256,dating studio,26.1.2003
257,mentioned studio,1.1.1998
258,gain studio,10.11.1961
259,incest studio,2.4.1960
260,revenues studio,7.4.1965
261,builder studio,17.6.2000
262,modules studio,21.7.1961
263,posting studio,16.5.1978
264,twiki studio,4.2.1996
265,around studio,15.11.1989
266,memories studio,10.6.1995
267,opinion studio,12.7.1977
268,cosmetic studio,24.2.1991
269,display studio,4.2.1965
270,decor studio,27.8.1999
271,candidates studio,19.9.1971
272,monthly studio,10.4.1979
273,word studio,17.3.1984
274,pass studio,10.5.1971
275,substance studio,27.8.1993
276,licence studio,10.2.1986
277,texas studio,20.4.2002
278,drunk studio,17.3.1975
279,desktop studio,4.12.1980
280,says studio,15.11.1974
281,coffee studio,14.8.1965
282,etc studio,20.11.1983
283,row studio,9.9.2007
284,finance studio,5.11.1988
285,investing studio,25.3.1983
286,caribbean studio,24.10.2009
287,cars studio,12.6.1976
288,gb studio,2.3.1969
289,boston studio,2.12.2002
290,learn studio,26.2.2007
291,accept studio,23.3.1967
292,enable studio,2.8.2006
293,admission studio,4.1.1978
294,less studio,20.8.1986
295,respectively studio,1.10.2003
296,hospitals studio,22.6.2002
297,desire studio,11.1.1969
298,read studio,16.10.2004
299,tn studio,5.7.1965
300,title studio,6.4.1962
301,childhood studio,7.4.1980
302,glance studio,7.10.1981
303,indoor studio,2.10.2004
304,amy studio,10.11.1977
305,form studio,6.9.1964
306,communities studio,26.3.1975
307,designed studio,14.10.1963
308,tracker studio,20.4.2001
309,james studio,16.5.2004
310,graphic studio,2.5.1975
311,dinner studio,15.3.1972
312,appliances studio,27.9.2006
313,machines studio,9.7.2001
314,involve studio,4.11.2002
315,template studio,26.8.1973
316,navy studio,26.12.1974
317,ease studio,14.8.1984
318,mills studio,21.7.1989
319,payment studio,15.7.2005
320,ng studio,12.10.1995
321,linking studio,2.8.1963
322,had studio,14.5.1971
323,principal studio,24.7.1980
324,zone studio,13.8.1987
325,desert studio,4.9.1997
326,question studio,16.8.2002
327,so studio,10.3.2001
328,distributed studio,1.4.1986
329,refinance studio,28.8.2001
330,gain studio,1.7.2010
331,wise studio,6.1.1992
332,delhi studio,26.1.1993
333,index studio,6.8.1996
334,photo studio,8.2.1969
335,arising studio,18.3.1986
336,parameter studio,20.2.1999
337,jam studio,22.10.1976
338,coaching studio,28.6.2009
339,milwaukee studio,7.1.1996
340,described studio,15.9.1989
341,headlines studio,26.5.1982
342,comprehensive studio,9.12.1978
343,slightly studio,9.11.1964
344,shoulder studio,3.12.1986
345,ending studio,21.11.1991
346,attorneys studio,18.7.1978
347,honda studio,20.2.2005
348,discussed studio,12.6.1986
349,basin studio,13.5.2007
350,algorithm studio,27.3.1986
351,found studio,23.5.1973
352,ga studio,28.3.1984
353,rise studio,21.9.1992
354,copy studio,2.5.1988
355,specials studio,12.8.1982
356,appears studio,10.4.2009
357,belgium studio,21.6.1974
358,tissue studio,26.12.1967
359,testing studio,8.9.1963
360,alice studio,6.1.1982
361,moderate studio,8.1.2005
362,bids studio,28.11.1995
363,lose studio,17.12.1966
364,genre studio,2.12.1982
365,beds studio,19.8.2003
366,agreement studio,10.12.1961
367,nba studio,20.2.1994
368,sector studio,12.5.2010
369,zone studio,17.2.1988
370,bone studio,15.9.1998
371,mystery studio,11.2.2004
372,influence studio,13.3.2007
373,grant studio,17.11.1978
374,array studio,25.11.1966
375,digest studio,20.7.1974
376,apparently studio,12.8.1965
377,crafts studio,15.1.2010
378,walter studio,27.7.1979
379,commentary studio,24.12.2001
380,ma studio,1.2.1995
381,milfs studio,20.5.1981
382,you studio,9.7.1980
383,time studio,11.10.2010
384,amounts studio,11.11.1964
385,people studio,23.5.1988
386,tail studio,20.11.2009
387,let studio,28.11.1980
388,landscape studio,17.2.1991
389,second studio,24.6.1990
390,ace studio,17.3.2006
391,ordinary studio,11.9.1988
392,junior studio,3.4.1996
393,switch studio,7.4.1964
394,module studio,5.1.1977
395,spray studio,21.11.1998
396,law studio,11.7.1966
397,specifically studio,25.9.1997
398,membership studio,28.1.2003
399,mode studio,12.6.1986
400,motorola studio,3.2.1994
401,pages studio,28.8.1993
402,lunch studio,25.10.1986
403,guaranteed studio,10.5.1982
404,eye studio,15.6.2007
405,fitness studio,1.1.1996
406,peter studio,18.12.1960
407,early studio,3.9.1975
408,li studio,13.10.1978
409,carry studio,19.7.2006
410,community studio,27.5.1989
411,administrative studio,12.10.1995
412,responses studio,27.7.1965
413,nations studio,26.9.1983
414,obtain studio,23.4.1987
415,jackson studio,19.4.1990
416,le studio,16.2.1999
417,emerging studio,18.1.1967
418,managers studio,12.5.1985
419,currently studio,23.2.1969
420,sun studio,23.7.1964
421,bringing studio,27.3.1989
422,arts studio,24.6.1987
423,convert studio,21.12.1979
424,painting studio,23.9.1962
425,lie studio,6.9.1984
426,convention studio,10.9.1985
427,clothes studio,16.8.1989
428,amendment studio,25.9.1998
429,java studio,5.10.1979
430,eat studio,4.6.1979
431,pretty studio,26.7.1966
432,apparently studio,4.5.1999
433,argument studio,15.10.1965
434,jazz studio,1.2.1977
435,bruce studio,9.4.1996
436,exhibit studio,2.6.1987
437,called studio,12.2.1991
438,options studio,12.12.1992
439,sister studio,5.4.1973
440,newly studio,3.8.1975
441,poll studio,24.6.1986
442,gary studio,28.8.1996
443,bugs studio,4.3.1998
444,shipping studio,26.2.2005
445,executive studio,4.3.1990
446,quarterly studio,13.5.1979
447,unlike studio,11.6.1978
448,bars studio,17.7.2003
449,med studio,1.10.1991
450,always studio,3.5.1967
451,silver studio,18.3.1987
452,ho studio,27.9.1988
453,religion studio,5.5.1969
454,newspaper studio,21.11.1985
455,deal studio,2.8.1964
456,surf studio,20.11.2008
457,deutsch studio,11.6.1980
458,ethical studio,10.4.1994
459,manufacturer studio,24.3.1961
460,historical studio,21.7.1967
461,romance studio,5.5.2006
462,dynamics studio,1.3.1985
463,seriously studio,10.8.2006
464,entrance studio,19.12.1972
465,lat studio,1.2.1983
466,sentence studio,25.11.1962
467,texas studio,20.4.1980
468,fresh studio,8.1.1961
469,rain studio,7.8.1961
470,cafe studio,28.9.1999
471,orange studio,3.12.2004
472,break studio,26.8.1982
473,lodge studio,12.2.1972
474,everyday studio,20.4.1972
475,session studio,27.5.1977
476,initially studio,3.10.1987
477,germany studio,20.5.1976
478,recently studio,11.5.2007
479,canyon studio,5.1.1989
480,reporting studio,5.12.1990
481,decades studio,19.8.2004
482,sharp studio,13.11.1999
483,islands studio,24.1.1961
484,russian studio,27.4.1977
485,user studio,20.6.1962
486,producing studio,26.12.1984
487,taste studio,9.12.1967
488,improved studio,5.2.1989
489,tracks studio,4.3.2000
490,illustrated studio,11.11.1998
491,eng studio,18.1.1963
492,arab studio,21.3.1979
493,aspects studio,15.3.1995
494,pda studio,13.2.2006
495,ecommerce studio,7.11.1988
496,features studio,8.12.1960
497,ice studio,12.8.2002
498,starring studio,16.6.2004
499,nation studio,4.5.1987
500,harvard studio,11.10.1974
501,exhibit studio,15.1.2004
502,french studio,20.2.1980
503,winter studio,20.1.1971
504,companies studio,9.3.1972
505,km studio,10.3.2009
506,affect studio,27.11.1983
507,mostly studio,13.11.1997
508,loaded studio,28.8.1973
509,toyota studio,10.10.1960
510,lion studio,23.8.1988
511,ae studio,27.6.1985
512,trained studio,10.6.1990
513,match studio,2.11.1966
514,bids studio,5.6.1977
515,protection studio,2.6.1982
516,contacts studio,18.1.1996
517,moderate studio,14.8.1999
518,lite studio,11.4.1976
519,calls studio,22.11.1962
520,rubber studio,24.11.2004
521,cameras studio,1.4.1974
522,royal studio,28.5.1970
523,convenient studio,19.10.2008
524,remaining studio,28.2.1967
525,enterprises studio,21.8.1981
526,flying studio,18.8.1970
527,edwards studio,20.3.2001
528,dc studio,15.1.1972
529,flying studio,22.12.1998
530,billy studio,18.9.1989
531,sci studio,2.11.1997
532,arena studio,26.10.1992
533,strategic studio,8.12.1979
534,losses studio,28.11.1991
535,relatively studio,26.5.1987
536,pierre studio,21.6.2003
537,foods studio,25.12.1974
538,caused studio,26.10.1964
539,colleges studio,19.10.1966
540,eric studio,10.8.1998
541,it studio,8.3.1968
542,dimensions studio,12.5.2005
543,br studio,19.1.1981
544,remain studio,27.7.2007
545,nancy studio,3.6.1989
546,hill studio,27.5.2002
547,lewis studio,4.4.1988
548,production studio,26.9.1984
549,equivalent studio,14.2.1971
550,effective studio,9.11.1970
551,placed studio,21.10.1983
552,owner studio,22.9.1999
553,hi studio,15.3.2009
554,shadow studio,10.6.1970
555,entire studio,4.2.1979
556,tab studio,13.1.2005
557,upskirt studio,17.5.1975
558,software studio,14.10.2000
559,foundation studio,15.3.1971
560,equivalent studio,4.10.1998
561,assess studio,24.2.2001
562,und studio,5.2.1998
563,variation studio,5.8.1966
564,drawing studio,14.9.2004
565,him studio,1.2.1986
566,traffic studio,3.7.1996
567,election studio,1.10.2009
568,part studio,16.12.1991
569,voted studio,9.10.1995
570,packages studio,9.8.2002
571,teams studio,6.10.2003
572,much studio,10.8.1995
573,distributor studio,21.5.1989
574,channels studio,12.12.1971
575,finder studio,27.5.1977
576,graham studio,4.9.1972
577,der studio,16.9.1972
578,determination studio,5.9.1992
579,express studio,10.3.2000
580,quite studio,5.2.2009
581,sizes studio,24.12.1999
582,tip studio,26.12.1975
583,buyers studio,17.7.2002
584,bachelor studio,25.4.2001
585,merely studio,19.6.2010
586,debt studio,3.8.1973
587,disability studio,24.5.1993
588,widely studio,15.12.1967
589,browsing studio,26.8.1972
590,torture studio,21.6.1979
591,limit studio,27.9.2001
592,apply studio,23.9.1984
593,generated studio,18.8.1963
594,place studio,5.11.1976
595,notebook studio,20.2.2009
596,earlier studio,4.6.2000
597,rr studio,4.4.1970
598,largely studio,2.3.1989
599,ready studio,15.3.1968
600,links studio,20.5.1991
601,priced studio,13.6.1980
602,untitled studio,5.8.1983
603,pink studio,18.11.1970
604,sustainable studio,24.2.1960
605,master studio,15.4.1995
606,stands studio,5.5.1973
607,bestsellers studio,28.1.1961
608,visits studio,14.4.1973
609,totally studio,24.8.2010
610,noise studio,3.8.2001
611,agents studio,12.8.2009
612,numerous studio,5.6.2001
613,worship studio,12.2.1984
614,warner studio,6.5.1978
615,valentine studio,1.5.1963
616,style studio,5.9.1976
617,interviews studio,18.4.2006
618,eggs studio,3.2.1991
619,turned studio,17.10.2003
620,weak studio,11.9.1973
621,users studio,14.4.1995
622,nissan studio,1.8.1968
623,reputation studio,17.2.1980
624,employer studio,14.1.1982
625,wow studio,2.5.1994
626,structure studio,5.12.1986
627,ja studio,26.8.1992
628,ja studio,13.1.2006
629,once studio,27.10.1960
630,pregnant studio,23.2.1983
631,merchant studio,15.9.2003
632,entirely studio,24.1.1983
633,expert studio,12.2.1998
634,temp studio,23.12.1960
635,factor studio,9.8.1981
636,suppose studio,18.10.1970
637,vector studio,20.7.1976
638,bag studio,1.10.1975
639,outlook studio,12.6.1960
640,concerning studio,2.12.1997
641,starting studio,25.3.1990
642,seeing studio,24.3.1985
643,conclusion studio,7.2.1995
644,ca studio,15.9.1996
645,tee studio,10.8.2010
646,jacket studio,16.12.1996
647,substantial studio,24.8.1983
648,consists studio,16.7.1988
649,homes studio,14.3.1967
650,beam studio,22.4.1971
651,review studio,9.5.2005
652,closer studio,11.4.1992
653,herein studio,12.9.1971
654,glass studio,20.4.1970
655,hear studio,4.10.1995
656,studio studio,3.5.1987
657,behalf studio,15.2.1988
658,reg studio,25.11.2005
659,tired studio,7.9.2010
660,therefore studio,7.1.1982
661,massage studio,1.3.1986
662,request studio,9.12.2002
663,firms studio,3.3.1962
664,racing studio,10.8.1986
665,conventional studio,1.3.1992
666,downloads studio,23.8.1968
667,sent studio,4.9.1978
668,apartments studio,6.7.1971
669,nancy studio,28.5.1990
670,resident studio,13.12.1998
671,mb studio,13.4.1983
672,un studio,1.2.1964
673,sea studio,16.6.1974
674,stability studio,5.12.1983
675,exciting studio,16.1.1988
676,princess studio,12.9.1985
677,season studio,20.11.1960
678,client studio,6.2.2007
679,davis studio,13.11.2006
680,anybody studio,24.8.2000
681,prescription studio,2.2.1987
682,hat studio,22.7.1988
683,rugby studio,27.3.1978
684,derived studio,11.6.1962
685,lawyers studio,7.3.1997
686,soon studio,21.4.1981
687,bed studio,19.2.2000
688,exceed studio,14.4.1961
689,normal studio,24.7.1967
690,breasts studio,11.12.1964
691,illegal studio,20.12.1980
692,rep studio,12.8.2004
693,phrase studio,9.9.2004
694,beach studio,24.5.1999
695,athletics studio,9.7.1984
696,leader studio,28.12.1963
697,decline studio,23.8.1976
698,sauce studio,3.5.1986
699,cr studio,19.8.1971
700,wrote studio,13.2.2001
701,britney studio,17.11.1990
702,blow studio,23.11.1972
703,coastal studio,8.6.2006
704,wheels studio,9.2.1970
705,nodes studio,25.11.1964
706,somewhat studio,2.12.2008
707,dealer studio,26.12.1998
708,applicant studio,22.5.1996
709,largest studio,18.4.1969
710,hide studio,15.5.1985
711,notices studio,14.7.1970
712,websites studio,5.12.1979
713,livecam studio,1.3.1963
714,tennis studio,3.7.1988
715,les studio,12.9.1965
716,bb studio,23.11.1976
717,sites studio,15.1.1964
718,candidates studio,17.7.2010
719,wealth studio,2.9.1964
720,principles studio,5.9.1964
721,shipped studio,11.9.1961
722,formal studio,1.7.2008
723,terminal studio,23.3.1964
724,ready studio,9.1.2010
725,labs studio,8.8.1962
726,reduction studio,5.10.1964
727,genetic studio,18.6.1964
728,winter studio,16.8.1973
729,milk studio,8.11.1984
730,based studio,24.7.1983
731,anniversary studio,20.8.2006
732,economics studio,22.4.1963
733,reasonable studio,21.9.1980
734,property studio,6.7.1968
735,making studio,5.12.1989
736,process studio,10.1.1989
737,hd studio,18.9.1991
738,needs studio,16.10.2009
739,replaced studio,26.9.2008
740,largest studio,12.5.1987
741,complaints studio,2.2.1992
742,needed studio,28.10.1962
743,transportation studio,25.8.1992
744,es studio,20.9.1976
745,shower studio,11.5.1973
746,commitment studio,28.9.2010
747,here studio,11.8.2002
748,checkout studio,21.11.2000
749,revealed studio,14.1.1994
750,bathroom studio,27.6.1995
751,careers studio,16.5.1966
752,signature studio,5.3.1984
753,syntax studio,22.2.1963
754,checkout studio,23.9.1979
755,join studio,6.5.1987
756,leading studio,24.3.1963
757,frank studio,13.4.1974
758,eminem studio,3.11.1990
759,label studio,2.12.1976
760,mlb studio,2.7.2009
761,naturally studio,20.5.1982
762,multimedia studio,24.11.1998
763,values studio,14.2.1975
764,friend studio,11.3.1986
765,euro studio,8.10.1984
766,dust studio,22.1.1997
767,pound studio,8.5.1985
768,nokia studio,11.3.1975
769,austin studio,8.11.1989
770,java studio,3.1.1973
771,diverse studio,10.1.1968
772,described studio,19.1.1974
773,mc studio,14.6.2008
774,qty studio,5.8.1964
775,gross studio,6.6.2005
776,causes studio,20.10.1997
777,hospitality studio,25.5.1989
778,usr studio,4.6.1998
779,job studio,11.9.1968
780,engines studio,25.4.1993
781,interface studio,7.11.1988
782,opera studio,12.7.1983
783,nuclear studio,16.3.1987
784,stage studio,28.1.1998
785,gary studio,21.2.1962
786,australian studio,13.9.1968
787,extensions studio,26.8.1992
788,million studio,28.8.1964
789,relief studio,10.7.1995
790,ri studio,27.6.1964
791,dsl studio,20.2.1960
792,or studio,26.1.1970
793,income studio,9.11.1962
794,talking studio,14.10.1979
795,doors studio,2.3.2005
796,sign studio,24.2.1977
797,brown studio,3.5.1996
798,developing studio,28.11.1983
799,enough studio,15.10.1995
800,florida studio,13.4.1960
801,indoor studio,13.11.1979
802,antique studio,23.5.1991
803,waves studio,10.11.1990
804,terminal studio,10.5.1971
805,remove studio,9.11.1975
806,web studio,18.9.1989
807,scheduled studio,3.11.1982
808,wage studio,19.1.1980
809,bible studio,5.12.1998
810,tests studio,23.10.1980
811,butt studio,11.3.1970
812,track studio,14.4.2006
813,courses studio,20.11.1999
814,time studio,25.7.1992
815,florida studio,6.1.1982
816,site studio,26.9.1962
817,buffer studio,8.12.2002
818,simple studio,8.4.2008
819,gain studio,4.6.1977
820,las studio,17.2.1995
821,human studio,8.6.1964
822,enter studio,16.12.1973
823,feature studio,1.2.1963
824,covering studio,18.8.1965
825,parliament studio,9.9.1993
826,free studio,24.8.1971
827,tel studio,4.5.1997
828,assumes studio,25.3.2003
829,amounts studio,9.9.1967
830,occurred studio,19.4.1983
831,prev studio,19.12.1982
832,makes studio,15.3.1971
833,ring studio,19.2.1973
834,ent studio,8.5.1965
835,diabetes studio,11.7.1962
836,ship studio,25.1.1981
837,agent studio,27.12.1965
838,following studio,23.2.1982
839,enforcement studio,28.11.1984
840,gamma studio,17.7.1994
841,presents studio,9.12.1989
842,protect studio,23.7.1987
843,print studio,15.5.1968
844,movies studio,18.3.1962
845,hard studio,3.8.1977
846,university studio,6.9.1999
847,drives studio,25.6.2002
848,recently studio,28.3.1995
849,portable studio,13.11.1993
850,labor studio,19.3.1975
851,aware studio,24.10.1966
852,buildings studio,28.7.1995
853,contractors studio,18.3.1980
854,thai studio,6.11.1973
855,practices studio,5.9.1974
856,prescription studio,13.9.1999
857,jane studio,16.8.1988
858,allen studio,12.8.1989
859,bids studio,17.5.1974
860,other studio,8.4.1960
861,volunteer studio,19.12.2006
862,prices studio,28.2.1964
863,panel studio,18.5.1987
864,ng studio,24.1.2005
865,evolution studio,7.9.2008
866,cum studio,25.1.1980
867,loaded studio,16.12.1996
868,fact studio,27.12.1970
869,enrollment studio,8.1.1987
870,accept studio,5.9.1966
871,management studio,26.5.1972
872,county studio,16.3.1984
873,experimental studio,27.3.1962
874,follow studio,14.4.1993
875,text studio,17.3.1972
876,pdt studio,14.4.1993
877,phase studio,11.10.1966
878,number studio,14.3.1967
879,donald studio,23.12.1984
880,opinion studio,21.1.1978
881,douglas studio,8.4.1970
882,locate studio,21.8.1993
883,secured studio,10.10.1998
884,string studio,6.11.1997
885,rv studio,11.10.1965
886,they studio,28.12.2003
887,acquired studio,16.10.1992
888,scheme studio,4.6.2006
889,enterprise studio,25.3.1989
890,anal studio,11.8.1967
891,salary studio,14.12.1979
892,transfer studio,14.8.1972
893,co studio,25.6.1997
894,hosts studio,10.3.1969
895,webcam studio,22.5.1990
896,pci studio,12.11.2007
897,pe studio,20.5.1994
898,cotton studio,24.3.1968
899,broadcast studio,8.8.2001
900,orientation studio,19.1.2008
901,named studio,4.11.1991
902,prospective studio,19.1.1999
903,mc studio,16.6.1963
904,babes studio,8.5.2007
905,library studio,10.5.1983
906,customize studio,12.12.1964
907,drawing studio,5.10.1970
908,venue studio,25.3.1985
909,dicke studio,22.12.1986
910,queries studio,20.10.1969
911,thought studio,26.6.1968
912,sample studio,10.4.1964
913,instruction studio,2.11.1963
914,pdf studio,24.9.1969
915,cute studio,26.4.1977
916,win studio,10.4.1967
917,includes studio,3.1.1983
918,style studio,21.7.2009
919,continuing studio,13.4.1987
920,password studio,13.10.2008
921,cold studio,8.9.2008
922,regarding studio,21.1.1992
923,now studio,27.4.1974
924,credit studio,13.12.2001
925,frequently studio,24.9.1990
926,stand studio,25.9.2009
927,reasons studio,4.8.2004
928,golden studio,18.10.2001
929,odd studio,13.7.1967
930,gbp studio,17.12.1986
931,speak studio,6.2.1992
932,than studio,27.6.1970
933,add studio,2.7.1999
934,tasks studio,21.7.2005
935,holes studio,19.7.1966
936,larry studio,8.1.1969
937,ts studio,18.9.2004
938,postage studio,11.3.2009
939,rather studio,21.4.2008
940,pulled studio,17.12.1962
941,theatre studio,17.8.1968
942,surveys studio,18.4.1963
943,desired studio,21.7.1981
944,filing studio,26.2.2005
945,entered studio,23.10.2000
946,empire studio,6.7.1992
947,bibliography studio,8.11.1993
948,juice studio,14.10.1993
949,hrs studio,25.12.1980
950,dirty studio,13.3.1985
951,affiliates studio,20.4.1967
952,evolution studio,23.4.1992
953,private studio,9.11.1990
954,christian studio,23.7.1988
955,vbulletin studio,1.4.1968
956,chile studio,22.8.2007
957,lost studio,22.2.1995
958,carl studio,11.9.1991
959,kelly studio,1.8.1981
960,fault studio,6.6.1982
961,charged studio,2.3.1991
962,shops studio,22.11.1980
963,holland studio,4.8.1984
964,mercedes studio,27.7.1986
965,advertising studio,21.5.1992
966,project studio,1.9.2007
967,royal studio,4.8.1983
968,mill studio,16.1.2006
969,company studio,20.7.2002
970,puerto studio,6.10.1993
971,governor studio,19.12.1997
972,ban studio,8.2.1997
973,figure studio,24.7.1972
974,tonight studio,24.1.1963
975,host studio,10.1.1998
976,bidding studio,25.10.1969
977,fiscal studio,6.2.1984
978,waiting studio,17.4.1993
979,bar studio,13.4.1978
980,steering studio,26.11.1984
981,harry studio,22.5.1972
982,correction studio,10.7.2009
983,victim studio,21.12.2010
984,industrial studio,7.6.1979
985,legislature studio,14.12.1966
986,attractions studio,6.6.1981
987,extensive studio,7.5.1985
988,romania studio,28.6.1982
989,lists studio,3.4.1989
990,wed studio,23.6.1963
991,wrestling studio,20.6.1963
992,dirty studio,24.1.1975
993,tv studio,28.7.1964
994,goods studio,22.9.1964
995,examined studio,5.1.1999
996,dell studio,16.11.1990
997,sigma studio,2.9.1969
998,fabric studio,4.2.1990
999,stars studio,15.8.1984
1000,these studio,6.4.1968
